protocol,scheme,checkpointing,file_size,chunk_size,total_chunks,channel,disruptions_configured,disruption_duration_s,completed,integrity_ok,corrupted,attempts,total_time_s,handshake_time_s,recovery_times_s,payload_bytes_sent,kex_wire_bytes,kex_cpu_ms,checkpoint_writes,checkpoint_bytes,checkpoint_overhead_ms,resumed_from_chunks,goodput_mbps,retransmission_overhead_pct,wasted_bytes,mean_recovery_s,max_recovery_s,repeat
baseline-tls,x25519-ecdhe,False,4194304,65536,64,6g-d0x0.0s,0,0.0,True,True,False,1,0.7330684640000982,0.02038351800001692,,4196160,64,0.17081400005736214,0,0,0.0,,45.7726,0.044,1856,0.0,0.0,0
baseline-tls,x25519-ecdhe,False,4194304,65536,64,6g-d0x0.0s,0,0.0,True,True,False,1,0.7153587159998551,0.010597633999850586,,4196160,64,0.12856299986196973,0,0,0.0,,46.9057,0.044,1856,0.0,0.0,1
baseline-tls,x25519-ecdhe,False,4194304,65536,64,6g-d0x0.0s,0,0.0,True,True,False,1,0.7304618820000996,0.011608084999807033,,4196160,64,0.13160100002096442,0,0,0.0,,45.9359,0.044,1856,0.0,0.0,2
pq-nockpt,ml-kem-768,False,4194304,65536,64,6g-d0x0.0s,0,0.0,True,True,False,1,0.736105082999984,0.029395620000059353,,4196160,2272,7.285382999953072,0,0,0.0,,45.5838,0.044,1856,0.0,0.0,0
pq-nockpt,ml-kem-768,False,4194304,65536,64,6g-d0x0.0s,0,0.0,True,True,False,1,0.7373374060000515,0.024761293999972622,,4196160,2272,5.5831429999670945,0,0,0.0,,45.5076,0.044,1856,0.0,0.0,1
pq-nockpt,ml-kem-768,False,4194304,65536,64,6g-d0x0.0s,0,0.0,True,True,False,1,0.7432548709998628,0.025935647999858702,,4196160,2272,5.732083000111743,0,0,0.0,,45.1453,0.044,1856,0.0,0.0,2
classical-ckpt,x25519-ecdhe,True,4194304,65536,64,6g-d0x0.0s,0,0.0,True,True,False,1,0.722523228,0.012243283000088923,,4196160,64,0.12731999981951958,8,3775,14.326135999681355,,46.4406,0.044,1856,0.0,0.0,0
classical-ckpt,x25519-ecdhe,True,4194304,65536,64,6g-d0x0.0s,0,0.0,True,True,False,1,0.7576684849998401,0.010796321000043463,,4196160,64,0.23731800001769443,8,3772,63.837659000228086,,44.2864,0.044,1856,0.0,0.0,1
classical-ckpt,x25519-ecdhe,True,4194304,65536,64,6g-d0x0.0s,0,0.0,True,True,False,1,0.7431805930000337,0.011910414999874774,,4196160,64,0.15653799982828787,8,3773,34.06786300024578,,45.1498,0.044,1856,0.0,0.0,2
proposed,ml-kem-768,True,4194304,65536,64,6g-d0x0.0s,0,0.0,True,True,False,1,0.744426083999997,0.027580672999874878,,4196160,2272,5.793793000066216,8,3764,15.95444800000223,,45.0742,0.044,1856,0.0,0.0,0
proposed,ml-kem-768,True,4194304,65536,64,6g-d0x0.0s,0,0.0,True,True,False,1,0.7441162150000764,0.020529919999944468,,4196160,2272,5.738907000022664,8,3767,15.302599999813538,,45.093,0.044,1856,0.0,0.0,1
proposed,ml-kem-768,True,4194304,65536,64,6g-d0x0.0s,0,0.0,True,True,False,1,0.7472336739999719,0.02652080300003945,,4196160,2272,6.009799999901588,8,3767,38.01108499965267,,44.9049,0.044,1856,0.0,0.0,2
baseline-tls,x25519-ecdhe,False,4194304,65536,64,6g-d1x0.3s,1,0.3,True,True,False,5,1.5459323899999617,0.02366955100001178,0.4197,6949890,128,0.2912649999871064,0,0,0.0,,21.705,65.698,2755586,0.4197,0.4197,0
baseline-tls,x25519-ecdhe,False,4194304,65536,64,6g-d1x0.3s,1,0.3,True,True,False,5,1.5198588959999597,0.027992620000077295,0.4260,6949890,128,0.3212019998954929,0,0,0.0,,22.0773,65.698,2755586,0.426,0.426,1
baseline-tls,x25519-ecdhe,False,4194304,65536,64,6g-d1x0.3s,1,0.3,True,True,False,5,1.5331890030001887,0.030022700999779772,0.4269,6949890,128,0.3122890000213374,0,0,0.0,,21.8854,65.698,2755586,0.4269,0.4269,2
pq-nockpt,ml-kem-768,False,4194304,65536,64,6g-d1x0.3s,1,0.3,True,True,False,5,1.5707149579998259,0.0590541999999914,0.4409,6949890,4544,16.024535999804357,0,0,0.0,,21.3625,65.698,2755586,0.4409,0.4409,0
pq-nockpt,ml-kem-768,False,4194304,65536,64,6g-d1x0.3s,1,0.3,True,True,False,5,1.540304204999984,0.049715178000042215,0.4335,6753195,4544,12.37709699989864,0,0,0.0,,21.7843,61.009,2558891,0.4335,0.4335,1
pq-nockpt,ml-kem-768,False,4194304,65536,64,6g-d1x0.3s,1,0.3,True,True,False,5,1.5483824000000368,0.049002759000131846,0.4319,6753195,4544,11.337009000044418,0,0,0.0,,21.6706,61.009,2558891,0.4319,0.4319,2
classical-ckpt,x25519-ecdhe,True,4194304,65536,64,6g-d1x0.3s,1,0.3,True,True,False,5,1.2100139780000063,0.024158258000170463,0.4200,4851810,128,0.4516440001225419,10,4718,16.187815999956,32,27.7306,15.676,657506,0.42,0.42,0
classical-ckpt,x25519-ecdhe,True,4194304,65536,64,6g-d1x0.3s,1,0.3,True,True,False,5,1.2080383269999402,0.021580167999900368,0.4195,4786245,128,0.3328200000396464,10,4719,16.29177599988907,32,27.776,14.113,591941,0.4195,0.4195,1
classical-ckpt,x25519-ecdhe,True,4194304,65536,64,6g-d1x0.3s,1,0.3,True,True,False,5,1.2128470699999525,0.022395597000013368,0.4192,4851810,128,0.29506399982892617,10,4715,17.175189999989016,32,27.6658,15.676,657506,0.4192,0.4192,2
proposed,ml-kem-768,True,4194304,65536,64,6g-d1x0.3s,1,0.3,True,True,False,5,1.2302125290000276,0.055648792000056346,0.4362,4786245,4544,11.7887310000242,10,4704,16.833182999789642,32,27.2753,14.113,591941,0.4362,0.4362,0
proposed,ml-kem-768,True,4194304,65536,64,6g-d1x0.3s,1,0.3,True,True,False,5,1.2289128029999574,0.053007062000006044,0.4363,4786245,4544,11.841265999919415,10,4709,18.76566000009916,32,27.3042,14.113,591941,0.4363,0.4363,1
proposed,ml-kem-768,True,4194304,65536,64,6g-d1x0.3s,1,0.3,True,True,False,5,1.228422996000063,0.0504376220001177,0.4331,4655115,4544,11.82458400012365,9,4238,15.382475000251361,32,27.315,10.987,460811,0.4331,0.4331,2
baseline-tls,x25519-ecdhe,False,4194304,65536,64,6g-d1x1.0s,1,1.0,True,True,False,7,2.1607050729999173,0.02968909499986694,1.0598,6949890,128,0.3417410000565724,0,0,0.0,,15.5294,65.698,2755586,1.0598,1.0598,0
baseline-tls,x25519-ecdhe,False,4194304,65536,64,6g-d1x1.0s,1,1.0,True,True,False,7,2.168092708000131,0.02691030799996952,1.0594,6753195,128,0.2763859999959095,0,0,0.0,,15.4765,61.009,2558891,1.0594,1.0594,1
baseline-tls,x25519-ecdhe,False,4194304,65536,64,6g-d1x1.0s,1,1.0,True,True,False,7,2.204488612999967,0.03037165300020206,1.0613,6949890,128,0.31598600003235333,0,0,0.0,,15.221,65.698,2755586,1.0613,1.0613,2
pq-nockpt,ml-kem-768,False,4194304,65536,64,6g-d1x1.0s,1,1.0,True,True,False,7,2.192501231000051,0.052069547000201055,1.0658,6884325,4544,12.404859000071156,0,0,0.0,,15.3042,64.135,2690021,1.0658,1.0658,0
pq-nockpt,ml-kem-768,False,4194304,65536,64,6g-d1x1.0s,1,1.0,True,True,False,7,2.1764765870000247,0.05610840099984671,1.0745,6753195,4544,15.750574000321649,0,0,0.0,,15.4169,61.009,2558891,1.0745,1.0745,1
pq-nockpt,ml-kem-768,False,4194304,65536,64,6g-d1x1.0s,1,1.0,True,True,False,7,2.1743210520000957,0.04977168899995377,1.0665,6753195,4544,11.3925890000246,0,0,0.0,,15.4321,61.009,2558891,1.0665,1.0665,2
classical-ckpt,x25519-ecdhe,True,4194304,65536,64,6g-d1x1.0s,1,1.0,True,True,False,7,1.8344215790000362,0.024066083000207072,1.0542,4851810,128,0.29196699983913277,10,4714,19.482623000158128,32,18.2916,15.676,657506,1.0542,1.0542,0
classical-ckpt,x25519-ecdhe,True,4194304,65536,64,6g-d1x1.0s,1,1.0,True,True,False,7,1.8352056100000027,0.02363187899982222,1.0558,4851810,128,0.31144400008997764,10,4716,18.668488999992405,32,18.2837,15.676,657506,1.0558,1.0558,1
classical-ckpt,x25519-ecdhe,True,4194304,65536,64,6g-d1x1.0s,1,1.0,True,True,False,7,1.850139800000079,0.02238783500001773,1.0536,4851810,128,0.3634819997841987,10,4714,18.058500999586613,32,18.1362,15.676,657506,1.0536,1.0536,2
proposed,ml-kem-768,True,4194304,65536,64,6g-d1x1.0s,1,1.0,True,True,False,7,1.8642671749998954,0.06019267200008471,1.0731,4655115,4544,12.684139999919353,9,4237,20.05881099967155,32,17.9987,10.987,460811,1.0731,1.0731,0
proposed,ml-kem-768,True,4194304,65536,64,6g-d1x1.0s,1,1.0,True,True,False,7,1.8606803479999598,0.055614630000036414,1.0720,4655115,4544,11.429872999997315,9,4236,20.012534999523268,32,18.0334,10.987,460811,1.072,1.072,1
proposed,ml-kem-768,True,4194304,65536,64,6g-d1x1.0s,1,1.0,True,True,False,7,1.8695222179999291,0.054007036999792035,1.0681,4655115,4544,12.336736999714049,9,4234,19.172730000263982,32,17.9481,10.987,460811,1.0681,1.0681,2
baseline-tls,x25519-ecdhe,False,4194304,65536,64,6g-d2x0.3s,2,0.3,True,True,False,5,1.5453032389998498,0.028687006999916775,0.4253,6949890,128,0.3475589999197837,0,0,0.0,,21.7138,65.698,2755586,0.4253,0.4253,0
baseline-tls,x25519-ecdhe,False,4194304,65536,64,6g-d2x0.3s,2,0.3,True,True,False,5,1.5321839999999156,0.026865142999895397,0.4248,6949890,128,0.33855699984997045,0,0,0.0,,21.8997,65.698,2755586,0.4248,0.4248,1
baseline-tls,x25519-ecdhe,False,4194304,65536,64,6g-d2x0.3s,2,0.3,True,True,False,5,1.5330805270000383,0.03052165999997669,0.4276,6949890,128,0.4073999998581712,0,0,0.0,,21.8869,65.698,2755586,0.4276,0.4276,2
pq-nockpt,ml-kem-768,False,4194304,65536,64,6g-d2x0.3s,2,0.3,True,True,False,5,1.539856742999973,0.05008723600008125,0.4317,6884325,4544,11.453912999968452,0,0,0.0,,21.7906,64.135,2690021,0.4317,0.4317,0
pq-nockpt,ml-kem-768,False,4194304,65536,64,6g-d2x0.3s,2,0.3,True,True,False,5,1.5693862279999848,0.05039615700025024,0.4344,6884325,4544,11.369958999921437,0,0,0.0,,21.3806,64.135,2690021,0.4344,0.4344,1
pq-nockpt,ml-kem-768,False,4194304,65536,64,6g-d2x0.3s,2,0.3,True,True,False,5,1.5368990360000225,0.04999617699991177,0.4325,6753195,4544,11.770922999858158,0,0,0.0,,21.8326,61.009,2558891,0.4325,0.4325,2
classical-ckpt,x25519-ecdhe,True,4194304,65536,64,6g-d2x0.3s,2,0.3,True,True,False,5,1.2345482270000048,0.023876741000094626,0.4202,4851810,128,0.26495800011616666,10,4718,17.885961000047246,32,27.1795,15.676,657506,0.4202,0.4202,0
classical-ckpt,x25519-ecdhe,True,4194304,65536,64,6g-d2x0.3s,2,0.3,True,True,False,5,1.2221778100001757,0.023238077999849338,0.4215,4917375,128,0.272637999842118,10,4719,18.52921400040941,32,27.4546,17.239,723071,0.4215,0.4215,1
classical-ckpt,x25519-ecdhe,True,4194304,65536,64,6g-d2x0.3s,2,0.3,True,True,False,5,1.21187473100008,0.0225743229998443,0.4198,4851810,128,0.27775299986387836,10,4717,16.97843800047849,32,27.688,15.676,657506,0.4198,0.4198,2
proposed,ml-kem-768,True,4194304,65536,64,6g-d2x0.3s,2,0.3,True,True,False,5,1.2195422350000626,0.05473493799991047,0.4355,4851810,4544,11.76010199992561,10,4706,18.885251000028802,32,27.514,15.676,657506,0.4355,0.4355,0
proposed,ml-kem-768,True,4194304,65536,64,6g-d2x0.3s,2,0.3,True,True,False,5,1.2364757899999859,0.05461675500009733,0.4386,4655115,4544,13.883726999665669,9,4233,15.993416999890542,32,27.1372,10.987,460811,0.4386,0.4386,1
proposed,ml-kem-768,True,4194304,65536,64,6g-d2x0.3s,2,0.3,True,True,False,5,1.2162457619999714,0.05129006200013464,0.4333,4655115,4544,11.671509000279912,9,4238,19.502192999652834,32,27.5885,10.987,460811,0.4333,0.4333,2
baseline-tls,x25519-ecdhe,False,4194304,65536,64,6g-d2x1.0s,2,1.0,True,True,False,7,2.1739784569999756,0.02875841200011564,1.0591,6949890,128,0.28747800001838186,0,0,0.0,,15.4346,65.698,2755586,1.0591,1.0591,0
baseline-tls,x25519-ecdhe,False,4194304,65536,64,6g-d2x1.0s,2,1.0,True,True,False,7,2.1677856389999306,0.028053096999883564,1.0601,6949890,128,0.2866760003144009,0,0,0.0,,15.4787,65.698,2755586,1.0601,1.0601,1
baseline-tls,x25519-ecdhe,False,4194304,65536,64,6g-d2x1.0s,2,1.0,True,True,False,7,2.177306162999912,0.02724619600007827,1.0587,6949890,128,0.2847230002771539,0,0,0.0,,15.411,65.698,2755586,1.0587,1.0587,2
pq-nockpt,ml-kem-768,False,4194304,65536,64,6g-d2x1.0s,2,1.0,True,True,False,7,2.166528226000082,0.05288775300005,1.0652,6753195,4544,14.711421000129121,0,0,0.0,,15.4877,61.009,2558891,1.0652,1.0652,0
pq-nockpt,ml-kem-768,False,4194304,65536,64,6g-d2x1.0s,2,1.0,True,True,False,7,2.1644450799999504,0.04669639799999459,1.0647,6753195,4544,11.419472999932623,0,0,0.0,,15.5026,61.009,2558891,1.0647,1.0647,1
pq-nockpt,ml-kem-768,False,4194304,65536,64,6g-d2x1.0s,2,1.0,True,True,False,7,2.1658648640000138,0.0501009710001199,1.0669,6753195,4544,11.935280999978204,0,0,0.0,,15.4924,61.009,2558891,1.0669,1.0669,2
classical-ckpt,x25519-ecdhe,True,4194304,65536,64,6g-d2x1.0s,2,1.0,True,True,False,7,1.8352453939999123,0.02354204900007062,1.0538,4851810,128,0.27299300018057693,10,4717,15.657377999559685,32,18.2833,15.676,657506,1.0538,1.0538,0
classical-ckpt,x25519-ecdhe,True,4194304,65536,64,6g-d2x1.0s,2,1.0,True,True,False,7,1.8372554170000512,0.023664849000169852,1.0557,4851810,128,0.31066100018506404,10,4718,18.363355000246884,32,18.2633,15.676,657506,1.0557,1.0557,1
classical-ckpt,x25519-ecdhe,True,4194304,65536,64,6g-d2x1.0s,2,1.0,True,True,False,7,1.8464046439999038,0.02212532600015038,1.0533,4851810,128,0.3018910001628683,10,4714,26.298085999769683,32,18.1728,15.676,657506,1.0533,1.0533,2
proposed,ml-kem-768,True,4194304,65536,64,6g-d2x1.0s,2,1.0,True,True,False,7,1.8663531449999482,0.056012935999888214,1.0711,4786245,4544,11.729970999795114,10,4707,19.386359000236553,32,17.9786,14.113,591941,1.0711,1.0711,0
proposed,ml-kem-768,True,4194304,65536,64,6g-d2x1.0s,2,1.0,True,True,False,7,1.8872270920001029,0.052589275999935126,1.0702,4655115,4544,11.828786999785734,9,4236,16.918747999852712,32,17.7798,10.987,460811,1.0702,1.0702,1
proposed,ml-kem-768,True,4194304,65536,64,6g-d2x1.0s,2,1.0,True,True,False,7,1.8576409590000367,0.05148550199987767,1.0686,4655115,4544,11.863522999874476,9,4232,17.210595000278772,32,18.0629,10.987,460811,1.0686,1.0686,2
baseline-tls,x25519-ecdhe,False,4194304,65536,64,6g-d4x0.3s,4,0.3,True,True,False,5,1.5326501639999606,0.028944155999852228,0.4250,6949890,128,0.3035729998828174,0,0,0.0,,21.8931,65.698,2755586,0.425,0.425,0
baseline-tls,x25519-ecdhe,False,4194304,65536,64,6g-d4x0.3s,4,0.3,True,True,False,5,1.5328661119999651,0.027139848999922833,0.4253,6949890,128,0.278879000006782,0,0,0.0,,21.89,65.698,2755586,0.4253,0.4253,1
baseline-tls,x25519-ecdhe,False,4194304,65536,64,6g-d4x0.3s,4,0.3,True,True,False,5,1.5197754099999656,0.023065389000066716,0.4201,6949890,128,0.2679459998944367,0,0,0.0,,22.0785,65.698,2755586,0.4201,0.4201,2
pq-nockpt,ml-kem-768,False,4194304,65536,64,6g-d4x0.3s,4,0.3,True,True,False,5,1.5436920229999487,0.04968264800004363,0.4306,6949890,4544,11.583593000068504,0,0,0.0,,21.7365,65.698,2755586,0.4306,0.4306,0
pq-nockpt,ml-kem-768,False,4194304,65536,64,6g-d4x0.3s,4,0.3,True,True,False,5,1.5321470000001227,0.047778861000097095,0.4306,6884325,4544,11.80891000012707,0,0,0.0,,21.9003,64.135,2690021,0.4306,0.4306,1
pq-nockpt,ml-kem-768,False,4194304,65536,64,6g-d4x0.3s,4,0.3,True,True,False,5,1.5353987640000923,0.05031069099982233,0.4324,6753195,4544,11.611814999923809,0,0,0.0,,21.8539,61.009,2558891,0.4324,0.4324,2
classical-ckpt,x25519-ecdhe,True,4194304,65536,64,6g-d4x0.3s,4,0.3,True,True,False,5,1.2003413920001549,0.02848583799982407,0.4198,4851810,128,0.26967200005856284,10,4717,17.733651000071404,32,27.9541,15.676,657506,0.4198,0.4198,0
classical-ckpt,x25519-ecdhe,True,4194304,65536,64,6g-d4x0.3s,4,0.3,True,True,False,5,1.236471821999885,0.021596725000108563,0.4199,4851810,128,0.3176779998739221,10,4716,16.91132099972492,32,27.1372,15.676,657506,0.4199,0.4199,1
classical-ckpt,x25519-ecdhe,True,4194304,65536,64,6g-d4x0.3s,4,0.3,True,True,False,5,1.211943691999977,0.022514358000080392,0.4197,4851810,128,0.30586399998355773,10,4716,17.65186400029961,32,27.6865,15.676,657506,0.4197,0.4197,2
proposed,ml-kem-768,True,4194304,65536,64,6g-d4x0.3s,4,0.3,True,True,False,5,1.2251746150000145,0.05397920900009012,0.4349,4851810,4544,11.54399500001091,10,4705,16.701496999985466,32,27.3875,15.676,657506,0.4349,0.4349,0
proposed,ml-kem-768,True,4194304,65536,64,6g-d4x0.3s,4,0.3,True,True,False,5,1.2212888930000645,0.052367946000231314,0.4356,4786245,4544,11.661089000199354,10,4705,17.26122699960797,32,27.4746,14.113,591941,0.4356,0.4356,1
proposed,ml-kem-768,True,4194304,65536,64,6g-d4x0.3s,4,0.3,True,True,False,5,1.2259276849999878,0.05050128900006712,0.4335,4655115,4544,11.509623000165448,9,4236,50.304961999700026,32,27.3706,10.987,460811,0.4335,0.4335,2
baseline-tls,x25519-ecdhe,False,4194304,65536,64,6g-d4x1.0s,4,1.0,True,True,False,7,2.1659194659998775,0.02892357699988679,1.0592,6949890,128,0.2988629998981196,0,0,0.0,,15.492,65.698,2755586,1.0592,1.0592,0
baseline-tls,x25519-ecdhe,False,4194304,65536,64,6g-d4x1.0s,4,1.0,True,True,False,7,2.1659832919999644,0.02709410000011303,1.0595,6949890,128,0.29134800001884287,0,0,0.0,,15.4915,65.698,2755586,1.0595,1.0595,1
baseline-tls,x25519-ecdhe,False,4194304,65536,64,6g-d4x1.0s,4,1.0,True,True,False,7,2.181923276999896,0.029972306999979992,1.0611,6949890,128,0.2842920000603044,0,0,0.0,,15.3784,65.698,2755586,1.0611,1.0611,2
pq-nockpt,ml-kem-768,False,4194304,65536,64,6g-d4x1.0s,4,1.0,True,True,False,7,2.1746758740000587,0.050522300000011455,1.0655,6884325,4544,11.637798000037947,0,0,0.0,,15.4296,64.135,2690021,1.0655,1.0655,0
pq-nockpt,ml-kem-768,False,4194304,65536,64,6g-d4x1.0s,4,1.0,True,True,False,7,2.1771299160000126,0.04974708300005659,1.0663,6753195,4544,11.812388999942414,0,0,0.0,,15.4122,61.009,2558891,1.0663,1.0663,1
pq-nockpt,ml-kem-768,False,4194304,65536,64,6g-d4x1.0s,4,1.0,True,True,False,7,2.1777086619999864,0.05067665199999283,1.0676,6753195,4544,11.954650999769001,0,0,0.0,,15.4081,61.009,2558891,1.0676,1.0676,2
classical-ckpt,x25519-ecdhe,True,4194304,65536,64,6g-d4x1.0s,4,1.0,True,True,False,7,1.8622146110001268,0.0241112940000221,1.0791,4851810,128,0.30297700004666694,10,4717,20.30349699884937,32,18.0186,15.676,657506,1.0791,1.0791,0
classical-ckpt,x25519-ecdhe,True,4194304,65536,64,6g-d4x1.0s,4,1.0,True,True,False,7,1.8377418729999135,0.023387736999893605,1.0559,4851810,128,0.3396260001409246,10,4715,16.750648000197543,32,18.2585,15.676,657506,1.0559,1.0559,1
classical-ckpt,x25519-ecdhe,True,4194304,65536,64,6g-d4x1.0s,4,1.0,True,True,False,7,1.8381224730001122,0.022158673999911116,1.0531,4851810,128,0.33773200016185,10,4718,18.81873000024825,32,18.2547,15.676,657506,1.0531,1.0531,2
proposed,ml-kem-768,True,4194304,65536,64,6g-d4x1.0s,4,1.0,True,True,False,7,1.8693871560001298,0.054572709999774816,1.0691,4786245,4544,11.876425000082236,10,4707,19.23398700046164,32,17.9494,14.113,591941,1.0691,1.0691,0
proposed,ml-kem-768,True,4194304,65536,64,6g-d4x1.0s,4,1.0,True,True,False,7,1.879705371,0.05440627799998765,1.0754,4786245,4544,12.50465299995085,10,4703,20.89049299979706,32,17.8509,14.113,591941,1.0754,1.0754,1
proposed,ml-kem-768,True,4194304,65536,64,6g-d4x1.0s,4,1.0,True,True,False,7,1.8772468810000191,0.05205960500006768,1.0679,4655115,4544,12.253115000248727,9,4237,17.57969900017997,32,17.8743,10.987,460811,1.0679,1.0679,2
baseline-tls,x25519-ecdhe,False,16777216,65536,256,6g-d0x0.0s,0,0.0,True,True,False,1,2.744530333000057,0.012442004000149609,,16784640,64,0.15282899994417676,0,0,0.0,,48.9037,0.044,7424,0.0,0.0,0
baseline-tls,x25519-ecdhe,False,16777216,65536,256,6g-d0x0.0s,0,0.0,True,True,False,1,2.6993529559999843,0.014876379000043016,,16784640,64,0.15506099998674472,0,0,0.0,,49.7222,0.044,7424,0.0,0.0,1
baseline-tls,x25519-ecdhe,False,16777216,65536,256,6g-d0x0.0s,0,0.0,True,True,False,1,2.7088010129998565,0.011827915999901961,,16784640,64,0.14357600002767867,0,0,0.0,,49.5488,0.044,7424,0.0,0.0,2
pq-nockpt,ml-kem-768,False,16777216,65536,256,6g-d0x0.0s,0,0.0,True,True,False,1,2.7398899030001758,0.027737664999904155,,16784640,2272,5.642134000026999,0,0,0.0,,48.9865,0.044,7424,0.0,0.0,0
pq-nockpt,ml-kem-768,False,16777216,65536,256,6g-d0x0.0s,0,0.0,True,True,False,1,2.6993155360000856,0.025511702999892805,,16784640,2272,6.206673999940904,0,0,0.0,,49.7229,0.044,7424,0.0,0.0,1
pq-nockpt,ml-kem-768,False,16777216,65536,256,6g-d0x0.0s,0,0.0,True,True,False,1,2.8238198250001005,0.026964607999843793,,16784640,2272,6.295867000062572,0,0,0.0,,47.5306,0.044,7424,0.0,0.0,2
classical-ckpt,x25519-ecdhe,True,16777216,65536,256,6g-d0x0.0s,0,0.0,True,True,False,1,2.7104317350001566,0.012479960000064239,,16784640,64,0.1641910000671487,32,15210,55.099594000012075,,49.5189,0.044,7424,0.0,0.0,0
classical-ckpt,x25519-ecdhe,True,16777216,65536,256,6g-d0x0.0s,0,0.0,True,True,False,1,2.649781214000086,0.015282304000038494,,16784640,64,0.15547800012427615,32,15215,61.57513799962544,,50.6524,0.044,7424,0.0,0.0,1
classical-ckpt,x25519-ecdhe,True,16777216,65536,256,6g-d0x0.0s,0,0.0,True,True,False,1,2.690052019999939,0.01148102199999812,,16784640,64,0.12823299994124682,32,15206,68.35668700000497,,49.8941,0.044,7424,0.0,0.0,2
proposed,ml-kem-768,True,16777216,65536,256,6g-d0x0.0s,0,0.0,True,True,False,1,2.775656584999979,0.027730319000056625,,16784640,2272,5.783957000176088,32,15184,58.3866209997268,,48.3553,0.044,7424,0.0,0.0,0
proposed,ml-kem-768,True,16777216,65536,256,6g-d0x0.0s,0,0.0,True,True,False,1,2.6861932799999977,0.02482378600006996,,16784640,2272,5.8864929999344895,32,15182,61.02091400111931,,49.9658,0.044,7424,0.0,0.0,1
proposed,ml-kem-768,True,16777216,65536,256,6g-d0x0.0s,0,0.0,True,True,False,1,2.803254589000062,0.02623474899996836,,16784640,2272,5.792900999949779,32,15179,54.991128999972716,,47.8793,0.044,7424,0.0,0.0,2
baseline-tls,x25519-ecdhe,False,16777216,65536,256,6g-d1x0.3s,1,0.3,True,True,False,5,3.48761841999999,0.025454301999843665,0.4215,19341675,128,0.30662399990433187,0,0,0.0,,38.4841,15.285,2564459,0.4215,0.4215,0
baseline-tls,x25519-ecdhe,False,16777216,65536,256,6g-d1x0.3s,1,0.3,True,True,False,5,3.45611979399996,0.026599042000043482,0.4245,19276110,128,0.2797000001919514,0,0,0.0,,38.8348,14.895,2498894,0.4245,0.4245,1
baseline-tls,x25519-ecdhe,False,16777216,65536,256,6g-d1x0.3s,1,0.3,True,True,False,5,3.4632768689998557,0.02774703399995815,0.4244,19341675,128,0.31298499993681617,0,0,0.0,,38.7545,15.285,2564459,0.4244,0.4244,2
pq-nockpt,ml-kem-768,False,16777216,65536,256,6g-d1x0.3s,1,0.3,True,True,False,5,3.5244603869998627,0.05659854199984693,0.4376,19144980,4544,11.85473700024886,0,0,0.0,,38.0818,14.113,2367764,0.4376,0.4376,0
pq-nockpt,ml-kem-768,False,16777216,65536,256,6g-d1x0.3s,1,0.3,True,True,False,5,3.489901742000029,0.05156890700004624,0.4349,19144980,4544,11.91921600002388,0,0,0.0,,38.4589,14.113,2367764,0.4349,0.4349,1
pq-nockpt,ml-kem-768,False,16777216,65536,256,6g-d1x0.3s,1,0.3,True,True,False,5,3.5041279499998836,0.05012775699992744,0.4330,19144980,4544,11.533597999687117,0,0,0.0,,38.3027,14.113,2367764,0.433,0.433,2
classical-ckpt,x25519-ecdhe,True,16777216,65536,256,6g-d1x0.3s,1,0.3,True,True,False,5,3.1534643469999537,0.023458588999801577,0.4198,17243595,128,0.2982519997658528,33,15689,61.21341200014285,32,42.562,2.78,466379,0.4198,0.4198,0
classical-ckpt,x25519-ecdhe,True,16777216,65536,256,6g-d1x0.3s,1,0.3,True,True,False,5,3.146700898000063,0.021846568000000843,0.4198,17243595,128,0.2793399999063695,33,15684,76.20643299947005,32,42.6535,2.78,466379,0.4198,0.4198,1
classical-ckpt,x25519-ecdhe,True,16777216,65536,256,6g-d1x0.3s,1,0.3,True,True,False,5,3.134796997999956,0.02463885199995275,0.4216,17243595,128,0.2828829999543814,33,15686,59.114311999792335,32,42.8154,2.78,466379,0.4216,0.4216,2
proposed,ml-kem-768,True,16777216,65536,256,6g-d1x0.3s,1,0.3,True,True,False,5,3.244423418999986,0.07195550899996306,0.4458,17374725,4544,20.670862999850215,34,16127,59.67290700027661,24,41.3687,3.561,597509,0.4458,0.4458,0
proposed,ml-kem-768,True,16777216,65536,256,6g-d1x0.3s,1,0.3,True,True,False,5,3.230805336000003,0.05427774299982957,0.4338,17571420,4544,16.026198999952612,34,16130,78.27893600028801,24,41.5431,4.734,794204,0.4338,0.4338,1
proposed,ml-kem-768,True,16777216,65536,256,6g-d1x0.3s,1,0.3,True,True,False,5,3.1827007839999624,0.05529082999987622,0.4371,17571420,4544,13.549223999916649,34,16126,62.46662399962588,24,42.171,4.734,794204,0.4371,0.4371,2
baseline-tls,x25519-ecdhe,False,16777216,65536,256,6g-d1x1.0s,1,1.0,True,True,False,7,4.128567829000076,0.02533166499983963,1.0554,19341675,128,0.3151060002437589,0,0,0.0,,32.5095,15.285,2564459,1.0554,1.0554,0
baseline-tls,x25519-ecdhe,False,16777216,65536,256,6g-d1x1.0s,1,1.0,True,True,False,7,4.071797653999965,0.026403680000157692,1.0545,19276110,128,0.26734700009001244,0,0,0.0,,32.9628,14.895,2498894,1.0545,1.0545,1
baseline-tls,x25519-ecdhe,False,16777216,65536,256,6g-d1x1.0s,1,1.0,True,True,False,7,4.090703046999806,0.027617112999905657,1.0586,19341675,128,0.3311120001399104,0,0,0.0,,32.8104,15.285,2564459,1.0586,1.0586,2
pq-nockpt,ml-kem-768,False,16777216,65536,256,6g-d1x1.0s,1,1.0,True,True,False,7,4.166051928000115,0.0583342120000907,1.0714,19276110,4544,13.298087999828567,0,0,0.0,,32.217,14.895,2498894,1.0714,1.0714,0
pq-nockpt,ml-kem-768,False,16777216,65536,256,6g-d1x1.0s,1,1.0,True,True,False,7,4.096426391000023,0.04310612700010097,1.0656,19144980,4544,11.408493000089948,0,0,0.0,,32.7646,14.113,2367764,1.0656,1.0656,1
pq-nockpt,ml-kem-768,False,16777216,65536,256,6g-d1x1.0s,1,1.0,True,True,False,7,4.113609572999849,0.05211696700007451,1.0671,19144980,4544,11.596870999937892,0,0,0.0,,32.6277,14.113,2367764,1.0671,1.0671,2
classical-ckpt,x25519-ecdhe,True,16777216,65536,256,6g-d1x1.0s,1,1.0,True,True,False,7,3.805621491000011,0.022514164000085657,1.0525,17243595,128,0.3098229999523028,33,15686,88.275776000728,32,35.2683,2.78,466379,1.0525,1.0525,0
classical-ckpt,x25519-ecdhe,True,16777216,65536,256,6g-d1x1.0s,1,1.0,True,True,False,7,3.749259286000097,0.021857465000039156,1.0540,17243595,128,0.2622750000682572,33,15685,55.492246999619965,32,35.7985,2.78,466379,1.054,1.054,1
classical-ckpt,x25519-ecdhe,True,16777216,65536,256,6g-d1x1.0s,1,1.0,True,True,False,7,3.781647153999984,0.024819311000101152,1.0558,17243595,128,0.26979799986293074,33,15688,57.98779200017634,32,35.4919,2.78,466379,1.0558,1.0558,2
proposed,ml-kem-768,True,16777216,65536,256,6g-d1x1.0s,1,1.0,True,True,False,7,3.8150968609998017,0.05471138600023551,1.0699,17178030,4544,11.7698530002599,33,15647,60.906383999736136,32,35.1807,2.389,400814,1.0699,1.0699,0
proposed,ml-kem-768,True,16777216,65536,256,6g-d1x1.0s,1,1.0,True,True,False,7,3.7861058819999016,0.051078799999913826,1.0688,17046900,4544,11.54646299983142,33,15654,61.17642199956208,32,35.4501,1.607,269684,1.0688,1.0688,1
proposed,ml-kem-768,True,16777216,65536,256,6g-d1x1.0s,1,1.0,True,True,False,7,3.774099987999989,0.052539121999870986,1.0695,17046900,4544,11.32852599994294,33,15653,59.127327999703994,32,35.5628,1.607,269684,1.0695,1.0695,2
baseline-tls,x25519-ecdhe,False,16777216,65536,256,6g-d2x0.3s,2,0.3,True,True,False,7,5.245062204000078,0.05048998500024027,0.4264;0.6545,26619390,192,0.5330839999260206,0,0,0.0,,25.5893,58.664,9842174,0.5404,0.6545,0
baseline-tls,x25519-ecdhe,False,16777216,65536,256,6g-d2x0.3s,2,0.3,True,True,False,7,5.166135461999829,0.04597404300011476,0.4209;0.6534,26488260,192,0.5167589997654431,0,0,0.0,,25.9803,57.882,9711044,0.5371,0.6534,1
baseline-tls,x25519-ecdhe,False,16777216,65536,256,6g-d2x0.3s,2,0.3,True,True,False,7,5.18250111999987,0.040846768999699634,0.4247;0.6478,26750520,192,0.5777589999524935,0,0,0.0,,25.8983,59.446,9973304,0.5362,0.6478,2
pq-nockpt,ml-kem-768,False,16777216,65536,256,6g-d2x0.3s,2,0.3,True,True,False,7,5.225854221000191,0.08182038199993258,0.4327;0.6622,26357130,6816,17.662102999793206,0,0,0.0,,25.6834,57.101,9579914,0.5474,0.6622,0
pq-nockpt,ml-kem-768,False,16777216,65536,256,6g-d2x0.3s,2,0.3,True,True,False,7,5.218737280999903,0.0779085290000694,0.4345;0.6605,26422695,6816,18.498126999702436,0,0,0.0,,25.7184,57.492,9645479,0.5475,0.6605,1
pq-nockpt,ml-kem-768,False,16777216,65536,256,6g-d2x0.3s,2,0.3,True,True,False,7,5.2298462670000845,0.0927375089997895,0.4366;0.6644,26422695,6816,24.50110700010555,0,0,0.0,,25.6638,57.492,9645479,0.5505,0.6644,2
classical-ckpt,x25519-ecdhe,True,16777216,65536,256,6g-d2x0.3s,2,0.3,True,True,False,7,3.8495095200000833,0.03663732900008654,0.4192;0.6473,17768115,192,0.5621239997708471,34,16164,57.85351500071556,32;136,34.8662,5.906,990899,0.5333,0.6473,0
classical-ckpt,x25519-ecdhe,True,16777216,65536,256,6g-d2x0.3s,2,0.3,True,True,False,7,3.8209471160000703,0.03482629200016163,0.4198;0.6472,17899245,192,0.4385570000522421,35,16635,59.47870300019531,32;136,35.1268,6.688,1122029,0.5335,0.6472,1
classical-ckpt,x25519-ecdhe,True,16777216,65536,256,6g-d2x0.3s,2,0.3,True,True,False,7,3.826320732000113,0.03317248899952574,0.4197;0.6448,17899245,192,0.45455700001184596,35,16635,87.30664300014723,32;136,35.0775,6.688,1122029,0.5323,0.6448,2
proposed,ml-kem-768,True,16777216,65536,256,6g-d2x0.3s,2,0.3,True,True,False,7,3.8250113599999622,0.0819315269998242,0.4347;0.6620,17636985,6816,17.250990000093225,34,16124,69.74991799961572,32;136,35.0895,5.125,859769,0.5484,0.662,0
proposed,ml-kem-768,True,16777216,65536,256,6g-d2x0.3s,2,0.3,True,True,False,7,3.8565648930000407,0.07902518500009137,0.4344;0.6624,17636985,6816,17.61747899990951,34,16119,62.54827799989471,32;136,34.8024,5.125,859769,0.5484,0.6624,1
proposed,ml-kem-768,True,16777216,65536,256,6g-d2x0.3s,2,0.3,True,True,False,7,3.919727425000019,0.08242096400022092,0.4361;0.6633,18227070,6816,17.267341999968266,35,16604,63.459873000510925,24;128,34.2416,8.642,1449854,0.5497,0.6633,2
baseline-tls,x25519-ecdhe,False,16777216,65536,256,6g-d2x1.0s,2,1.0,True,True,False,10,6.491707442000006,0.050499877999982346,1.0598;1.2229,27012780,192,0.5017399998905603,0,0,0.0,,20.6753,61.009,10235564,1.1414,1.2229,0
baseline-tls,x25519-ecdhe,False,16777216,65536,256,6g-d2x1.0s,2,1.0,True,True,False,10,6.480103251999935,0.040067945000373584,1.0592;1.2151,26947215,192,0.5228989998613542,0,0,0.0,,20.7123,60.618,10169999,1.1372,1.2151,1
baseline-tls,x25519-ecdhe,False,16777216,65536,256,6g-d2x1.0s,2,1.0,True,True,False,10,6.437947938999969,0.043852017999824966,1.0585;1.2181,27012780,192,0.4941520001011668,0,0,0.0,,20.8479,61.009,10235564,1.1383,1.2181,2
pq-nockpt,ml-kem-768,False,16777216,65536,256,6g-d2x1.0s,2,1.0,True,True,False,10,6.554997456999899,0.07901371199977802,1.0684;1.2330,26619390,6816,18.337720999852536,0,0,0.0,,20.4756,58.664,9842174,1.1507,1.233,0
pq-nockpt,ml-kem-768,False,16777216,65536,256,6g-d2x1.0s,2,1.0,True,True,False,10,6.541873716999817,0.08813432900001317,1.1030;1.2359,26422695,6816,24.242182999842044,0,0,0.0,,20.5167,57.492,9645479,1.1694,1.2359,1
pq-nockpt,ml-kem-768,False,16777216,65536,256,6g-d2x1.0s,2,1.0,True,True,False,10,6.484737969999969,0.08194750000006934,1.0691;1.2291,26816085,6816,19.627681999963897,0,0,0.0,,20.6975,59.836,10038869,1.1491,1.2291,2
classical-ckpt,x25519-ecdhe,True,16777216,65536,256,6g-d2x1.0s,2,1.0,True,True,False,10,5.1190559750000375,0.0338188339997032,1.0530;1.2126,17964810,192,0.5554230003781413,35,16636,79.62800499922196,32;136,26.2192,7.079,1187594,1.1328,1.2126,0
classical-ckpt,x25519-ecdhe,True,16777216,65536,256,6g-d2x1.0s,2,1.0,True,True,False,10,5.033941954000056,0.03480371699993157,1.0539;1.2147,17702550,192,0.5143790001511661,34,16158,67.51930999985234,32;144,26.6625,5.515,925334,1.1343,1.2147,1
classical-ckpt,x25519-ecdhe,True,16777216,65536,256,6g-d2x1.0s,2,1.0,True,True,False,10,5.023935966999943,0.0379649240001072,1.0560;1.2150,17702550,192,0.4930469999635534,34,16160,117.83502400021462,32;144,26.7157,5.515,925334,1.1355,1.215,2
proposed,ml-kem-768,True,16777216,65536,256,6g-d2x1.0s,2,1.0,True,True,False,10,5.1959954989999915,0.08546262899994872,1.0695;1.2331,17833680,6816,18.11299400014832,34,16128,150.69415600032698,32;136,25.831,6.297,1056464,1.1513,1.2331,0
proposed,ml-kem-768,True,16777216,65536,256,6g-d2x1.0s,2,1.0,True,True,False,10,5.116601463000052,0.07683566499986227,1.0689;1.2277,18030375,6816,17.593261999991228,35,16604,77.91707300043527,24;136,26.2318,7.469,1253159,1.1483,1.2277,1
proposed,ml-kem-768,True,16777216,65536,256,6g-d2x1.0s,2,1.0,True,True,False,10,5.158863806999989,0.08417494900004385,1.0714;1.2316,17768115,6816,18.163007999874026,34,16129,115.99006599976747,32;136,26.0169,5.906,990899,1.1515,1.2316,2
baseline-tls,x25519-ecdhe,False,16777216,65536,256,6g-d4x0.3s,4,0.3,True,True,False,9,7.990506718000006,0.0897374800003945,0.4259;0.6560;0.4214;0.4177,39404565,320,0.9666240002843551,0,0,0.0,,16.7971,134.87,22627349,0.4802,0.656,0
baseline-tls,x25519-ecdhe,False,16777216,65536,256,6g-d4x0.3s,4,0.3,True,True,False,9,8.021322169999848,0.07887106399994082,0.4247;0.6532;0.4133;0.4208,39797955,320,0.8961060000274301,0,0,0.0,,16.7326,137.214,23020739,0.478,0.6532,1
baseline-tls,x25519-ecdhe,False,16777216,65536,256,6g-d4x0.3s,4,0.3,True,True,False,9,7.971559487999912,0.08265427999981512,0.4228;0.6521;0.4200;0.4202,40060215,320,0.7959370000207855,0,0,0.0,,16.8371,138.777,23282999,0.4788,0.6521,2
pq-nockpt,ml-kem-768,False,16777216,65536,256,6g-d4x0.3s,4,0.3,True,True,False,9,8.01503850500012,0.14818533699963155,0.4390;0.6671;0.4299;0.4283,39339000,11360,31.151144999967073,0,0,0.0,,16.7457,134.479,22561784,0.4911,0.6671,0
pq-nockpt,ml-kem-768,False,16777216,65536,256,6g-d4x0.3s,4,0.3,True,True,False,9,7.9927192180000475,0.12601750899989383,0.4353;0.6614;0.4232;0.4257,39535695,11360,29.346785000143427,0,0,0.0,,16.7925,135.651,22758479,0.4864,0.6614,1
pq-nockpt,ml-kem-768,False,16777216,65536,256,6g-d4x0.3s,4,0.3,True,True,False,9,7.998266031000185,0.12602565599991067,0.4340;0.6596;0.4259;0.4253,39666825,11360,29.042204999996102,0,0,0.0,,16.7809,136.433,22889609,0.4862,0.6596,2
classical-ckpt,x25519-ecdhe,True,16777216,65536,256,6g-d4x0.3s,4,0.3,True,True,False,8,4.352463651999869,0.04849377000005006,0.4211;0.6464;0.4125,18161505,256,0.6516119999560033,35,16640,64.2085560009491,32;136;216,30.8372,8.251,1384289,0.4933,0.6464,0
classical-ckpt,x25519-ecdhe,True,16777216,65536,256,6g-d4x0.3s,4,0.3,True,True,False,8,4.299927045999993,0.048377061999644866,0.4205;0.6472;0.4128,18161505,256,0.6041820001883025,35,16635,74.32939499972235,32;128;216,31.214,8.251,1384289,0.4935,0.6472,1
classical-ckpt,x25519-ecdhe,True,16777216,65536,256,6g-d4x0.3s,4,0.3,True,True,False,8,4.297955129999991,0.04875170100012838,0.4215;0.6452;0.4141,18620460,256,0.6688360001589899,36,17116,64.9939369995991,32;136;216,31.2283,10.987,1843244,0.4936,0.6452,2
proposed,ml-kem-768,True,16777216,65536,256,6g-d4x0.3s,4,0.3,True,True,False,8,4.393080507999912,0.11099216899992825,0.4343;0.6622;0.4434,18489330,9088,23.561250999819094,36,17077,70.87527099906765,24;128;208,30.5521,10.205,1712114,0.5133,0.6622,0
proposed,ml-kem-768,True,16777216,65536,256,6g-d4x0.3s,4,0.3,True,True,False,8,4.417352852000022,0.10554922400024225,0.4338;0.6605;0.4283,18620460,9088,23.49142199977905,36,17078,65.72201200128802,24;128;208,30.3842,10.987,1843244,0.5075,0.6605,1
proposed,ml-kem-768,True,16777216,65536,256,6g-d4x0.3s,4,0.3,True,True,False,8,4.374643062000132,0.108130668000058,0.4343;0.6626;0.4273,18554895,9088,23.773623999886695,36,17076,69.3235090006965,24;128;208,30.6808,10.596,1777679,0.5081,0.6626,2
baseline-tls,x25519-ecdhe,False,16777216,65536,256,6g-d4x1.0s,4,1.0,True,True,False,16,10.888462864999838,0.09064931000011711,1.0612;1.2218;1.2215;1.2232,40191345,320,0.8414919996084791,0,0,0.0,,12.3266,139.559,23414129,1.1819,1.2232,0
baseline-tls,x25519-ecdhe,False,16777216,65536,256,6g-d4x1.0s,4,1.0,True,True,False,16,10.896574407999879,0.08646802599969305,1.0630;1.2232;1.2160;1.2222,40388040,320,0.8017309999104327,0,0,0.0,,12.3174,140.731,23610824,1.1811,1.2232,1
baseline-tls,x25519-ecdhe,False,16777216,65536,256,6g-d4x1.0s,4,1.0,True,True,False,16,10.917455428999801,0.08945664700013367,1.0614;1.2216;1.2216;1.2207,40453605,320,0.9220549995916372,0,0,0.0,,12.2939,141.122,23676389,1.1813,1.2216,2
pq-nockpt,ml-kem-768,False,16777216,65536,256,6g-d4x1.0s,4,1.0,True,True,False,16,10.901902196000037,0.13359742100010408,1.0669;1.2288;1.2295;1.2289,39994650,11360,30.036328999813122,0,0,0.0,,12.3114,138.387,23217434,1.1885,1.2295,0
pq-nockpt,ml-kem-768,False,16777216,65536,256,6g-d4x1.0s,4,1.0,True,True,False,16,10.929245223999942,0.1344259290001446,1.0683;1.2272;1.2283;1.2345,40125780,11360,30.571990999987975,0,0,0.0,,12.2806,139.168,23348564,1.1896,1.2345,1
pq-nockpt,ml-kem-768,False,16777216,65536,256,6g-d4x1.0s,4,1.0,True,True,False,16,10.883140539999886,0.13973370300004717,1.0718;1.2337;1.2270;1.2293,40060215,11360,32.52351800006181,0,0,0.0,,12.3326,138.777,23282999,1.1904,1.2337,2
classical-ckpt,x25519-ecdhe,True,16777216,65536,256,6g-d4x1.0s,4,1.0,True,True,False,13,6.252773631000082,0.05218926400016244,1.0531;1.2162;1.2167,18030375,256,0.6015349999870523,35,16635,61.10089000071639,32;144;240,21.4653,7.469,1253159,1.162,1.2167,0
classical-ckpt,x25519-ecdhe,True,16777216,65536,256,6g-d4x1.0s,4,1.0,True,True,False,13,6.32975075100012,0.0516615730000467,1.0542;1.2132;1.2167,18554895,256,0.6327329999749054,36,17111,89.19257000047764,32;136;232,21.2043,10.596,1777679,1.1614,1.2167,1
classical-ckpt,x25519-ecdhe,True,16777216,65536,256,6g-d4x1.0s,4,1.0,True,True,False,13,6.248521366999967,0.05019940100032727,1.0559;1.2149;1.2146,17964810,256,0.6258719997731532,35,16637,80.7717500003946,32;144;240,21.4799,7.079,1187594,1.1618,1.2149,2
proposed,ml-kem-768,True,16777216,65536,256,6g-d4x1.0s,4,1.0,True,True,False,13,6.437175447000072,0.11067269600016516,1.0695;1.2299;1.2285,18554895,9088,25.5842300000495,36,17085,140.56285600031515,24;136;224,20.8504,10.596,1777679,1.176,1.2299,0
proposed,ml-kem-768,True,16777216,65536,256,6g-d4x1.0s,4,1.0,True,True,False,13,6.28459923399987,0.10769136300018545,1.0703;1.2291;1.2306,17636985,9088,24.152337000032276,34,16131,90.52931499968508,32;144;240,21.3566,5.125,859769,1.1767,1.2306,1
proposed,ml-kem-768,True,16777216,65536,256,6g-d4x1.0s,4,1.0,True,True,False,13,6.315246508999962,0.11493138700006966,1.0711;1.2303;1.2342,18095940,9088,23.18560200023967,35,16602,65.0611149985707,24;136;232,21.253,7.86,1318724,1.1785,1.2342,2
